date,title,description,category,post_description
01-07,七草,七草粥を食べて一年の無病息災を願う日,食べ物・健康,春の七草を使った七草粥で新年の健康を願う伝統行事
01-11,鏡開き,お正月に飾った鏡餅を食べる日,伝統行事,お正月の鏡餅を開いて食べることで一年の健康を願う
01-15,いちごの日,1と15で「いちご」の語呂合わせ,食べ物,甘くて美味しいいちごの記念日
01-17,おむすびの日,阪神淡路大震災でおむすびの炊き出しが行われた,食べ物・防災,おむすびで人と人をつなぐ温かさを思い出す日
01-23,電子メールの日,1と23で「いいふみ（E文）」の語呂合わせ,IT・通信,デジタルコミュニケーションの基本ツールの日
01-24,ゴールドラッシュデー,1848年にカリフォルニアで金が発見された,歴史,アメリカンドリームの象徴となった歴史的な日
02-02,ツインテールの日,2が2つ並ぶ日,ファッション・文化,可愛いツインテールヘアスタイルの日
02-06,海苔の日,海苔の生産の最盛期,食べ物,日本の食卓に欠かせない海苔に感謝する日
02-09,ふくの日,2と9で「ふく」の語呂合わせ,食べ物,下関の名物フグ料理に感謝する日
02-22,猫の日,2が3つ並んで「ニャンニャンニャン」,動物・ペット,猫好きにとって特別な可愛い記念日
02-26,脱出の日,2と26で「ニゲロー」の語呂合わせ,エンターテイメント,脱出ゲームやミステリーを楽しむ日
03-03,耳の日,3と3で「みみ」の語呂合わせ,健康,耳の健康について考える大切な日
03-05,サンゴの日,3と5で「さんご」の語呂合わせ,環境,美しいサンゴ礁の保護を考える日
03-08,国際女性デー,女性の権利と平等を祝う国際的な日,社会・人権,世界中で女性の活躍を称える日
03-09,サンキューの日,3と9で「サンキュー」の語呂合わせ,感謝・マナー,感謝の気持ちを伝える日
03-10,ミントの日,3と10で「ミント」の語呂合わせ,食べ物・香り,爽やかなミントの香りを楽しむ日
03-15,靴の記念日,日本で初めて西洋靴の工場ができた,ファッション,足元のおしゃれを楽しむ日
03-21,カラー映画の日,日本初の国産カラー映画が封切られた,映画・エンタメ,カラー映画の歴史を振り返る日
03-28,三ツ矢サイダーの日,3と28で「みつや」の語呂合わせ,飲み物,爽やかな炭酸飲料の定番の日
04-04,あんぱんの日,明治天皇にあんぱんが献上された,食べ物,日本生まれの和洋折衷パンの記念日
04-08,忠犬ハチ公の日,渋谷駅前にハチ公像が設置された,動物・文化,忠誠心の象徴ハチ公を偲ぶ日
04-10,駅弁の日,4と10で「弁当」の語呂合わせ,食べ物・旅行,旅のお供に駅弁を楽しむ日
04-16,エスプレッソの日,イタリアのエスプレッソ文化を広める,飲み物,本格的なコーヒー文化を楽しむ日
04-18,よい歯の日,4と18で「よい歯」の語呂合わせ,健康,歯の健康を大切にする日
04-19,地図の日,伊能忠敬が測量の旅に出発した,歴史・地理,正確な日本地図作成の偉業を記念
04-22,アースデー（地球の日）,環境保護を訴える国際的な日,環境,地球環境について考える世界的な日
04-23,子ども読書の日,子どもの読書活動を推進,教育・文化,子どもたちに読書の楽しさを伝える日
04-29,昭和の日,昭和天皇の誕生日,祝日,激動の昭和時代を振り返る国民の祝日
05-04,みどりの日,自然に親しみ感謝する,祝日・環境,自然の恵みに感謝する国民の祝日
05-05,こどもの日,子どもの健やかな成長を願う,祝日・家族,こいのぼりや鎧兜で子どもの成長を祝う
05-08,ゴーヤーの日,5と8で「ゴーヤー」の語呂合わせ,食べ物,沖縄の夏野菜ゴーヤーを楽しむ日
05-09,アイスクリームの日,東京でアイスクリームが初めて製造販売された,食べ物,冷たくて美味しいアイスの日
05-10,コットンの日,5と10で「コットン」の語呂合わせ,ファッション,肌に優しい綿製品に感謝する日
05-18,ことばの日,5と18で「ことば」の語呂合わせ,言語・文化,日本語の美しさを再認識する日
05-29,こんにゃくの日,5と29で「こんにゃく」の語呂合わせ,食べ物,ヘルシーなこんにゃく料理を楽しむ日
05-30,ごみゼロの日,5と30で「ごみゼロ」の語呂合わせ,環境,環境美化とごみ削減を考える日
06-01,写真の日,日本で初めて写真が撮影された,文化・芸術,写真文化の始まりを記念する日
06-04,虫の日,6と4で「むし」の語呂合わせ,環境・生物,身近な虫たちに目を向ける日
06-06,楽器の日,6が並んで楽器の形に見える,音楽・文化,音楽を楽しむための楽器に感謝する日
06-10,時の記念日,日本で初めて時計が鳴った,時間・歴史,時間の大切さを認識する日
06-16,和菓子の日,和菓子の歴史的な由来から,食べ物・伝統,四季を感じる美しい和菓子の日
06-22,ボウリングの日,日本にボウリング場が初めて登場,スポーツ,家族で楽しめるボウリングの日
07-02,たわしの日,7と2で「なわ（縄）」の語呂合わせ,生活用品,掃除の定番アイテムたわしの日
07-06,サラダ記念日,俵万智の歌集「サラダ記念日」から,文学・食べ物,爽やかなサラダと文学の日
07-07,ポニーテールの日,7月7日に浴衣でポニーテール,ファッション・文化,夏らしい髪型を楽しむ日
07-10,納豆の日,7と10で「なっとう」の語呂合わせ,食べ物,健康的な発酵食品納豆の日
07-17,漫画の日,手塚治虫の命日,文化・エンタメ,日本の漫画文化に感謝する日
07-20,ハンバーガーの日,日本にハンバーガーチェーンが上陸,食べ物,手軽で美味しいファストフードの日
07-25,かき氷の日,夏氷（な・つ・ご・お・り）の語呂合わせ,食べ物,夏の風物詩かき氷を楽しむ日
07-29,アマチュア無線の日,日本で初めてアマチュア無線が許可された,通信・趣味,無線通信の趣味を楽しむ日
08-01,バイキングの日,帝国ホテルでバイキング形式が始まった,食べ物,食べ放題スタイルの始まりの日
08-02,パンツの日,8と2で「パンツ」の語呂合わせ,ファッション,下着の大切さを見直す日
08-03,はちみつの日,8と3で「はちみつ」の語呂合わせ,食べ物,天然の甘味はちみつに感謝する日
08-07,バナナの日,8と7で「バナナ」の語呂合わせ,食べ物,栄養豊富なバナナを楽しむ日
08-08,そろばんの日,8がそろばんの珠に見える,教育・伝統,計算の基礎そろばんを見直す日
08-09,ハグの日,8と9で「ハグ」の語呂合わせ,愛情・家族,大切な人とハグで愛を伝える日
08-10,道の日,道路の整備や愛護を啓発,交通・社会,安全な道路に感謝する日
08-19,バイクの日,8と19で「バイク」の語呂合わせ,乗り物・趣味,バイクの魅力を再発見する日
08-29,焼き肉の日,8と29で「やきにく」の語呂合わせ,食べ物,みんな大好き焼き肉を楽しむ日
09-01,防災の日,関東大震災が起きた日,防災・安全,災害への備えを見直す大切な日
09-03,ドラえもんの誕生日,ドラえもんの設定上の誕生日,アニメ・文化,国民的キャラクター誕生の日
09-04,くしの日,9と4で「くし」の語呂合わせ,美容・ファッション,髪の健康と美容を考える日
09-09,救急の日,9と9で「きゅうきゅう」の語呂合わせ,医療・安全,救急医療の大切さを認識する日
09-18,かいわれ大根の日,日本かいわれ協会が制定,食べ物,栄養豊富なかいわれ大根の日
09-20,バスの日,日本で初めてバスが運行された,交通・歴史,公共交通バスに感謝する日
09-23,海王星の日,海王星が発見された,宇宙・科学,太陽系の惑星発見を記念する日
09-28,パソコン記念日,日本で初めてパソコンが発売された,IT・技術,デジタル時代の始まりを記念
10-01,コーヒーの日,コーヒーの需要期の始まり,飲み物,香り高いコーヒーを楽しむ日
10-04,いわしの日,10と4で「いわし」の語呂合わせ,食べ物,栄養豊富ないわしを見直す日
10-08,入れ歯の日,10と8で「いれば」の語呂合わせ,健康・医療,歯の健康と入れ歯のケアの日
10-10,目の愛護デー,10を横にすると眉と目に見える,健康,目の健康を大切にする日
10-10,銭湯の日,1010で「千十（せんとう）」の語呂合わせ,文化・健康,日本の銭湯文化を楽しむ日
10-13,さつまいもの日,栗（九里）より（四里）うまい十三里,食べ物,秋の味覚さつまいもを楽しむ日
10-18,ミニスカートの日,イギリスでミニスカートが誕生,ファッション,若々しいファッションの象徴の日
10-24,国連デー,国際連合が発足した日,国際・平和,世界平和を願う国際的な日
11-01,寿司の日,新米の季節で寿司がおいしい時期,食べ物,日本の伝統食寿司を楽しむ日
11-03,文化の日,自由と平和を愛し文化をすすめる,祝日・文化,日本の文化と芸術を称える祝日
11-05,いいたまごの日,11と5で「いいたまご」の語呂合わせ,食べ物,栄養満点の卵に感謝する日
11-08,いい歯の日,11と8で「いい歯」の語呂合わせ,健康,歯の健康維持の大切さを再認識
11-11,ポッキー&プリッツの日,1が4本並んで形が似ている,食べ物,細長いお菓子を楽しむ日
11-11,チーズの日,チーズの製造が奨励された日,食べ物,様々なチーズを味わう日
11-15,七五三,子どもの成長を祝う伝統行事,伝統・家族,3歳・5歳・7歳の成長を祝う
11-18,いい家の日,11と18で「いい家」の語呂合わせ,住まい・生活,住まいの大切さを考える日
11-22,いい夫婦の日,11と22で「いい夫婦」の語呂合わせ,家族・愛情,夫婦の絆を深める記念日
11-29,いい肉の日,11と29で「いい肉」の語呂合わせ,食べ物,美味しいお肉を楽しむ日
12-03,カレンダーの日,太陽暦が採用された日,文化・歴史,暦の歴史を振り返る日
12-06,音の日,エジソンが蓄音機を発明した,科学・文化,音楽や音声記録の歴史的な日
12-10,世界人権デー,国際連合が発足した日,国際・人権,すべての人の権利を守る国際的な日
12-12,漢字の日,12と12で「いい字いち字」の語呂合わせ,文化・言語,今年の漢字が発表される日
12-22,冬至,一年で最も昼が短い日,季節・伝統,かぼちゃとゆず湯で無病息災を願う
12-23,東京タワー完成の日,東京タワーが完成した,建築・歴史,東京のシンボルタワー誕生の日

